id,group,holdout,scholarly_date,hb_map,hb_ci68_lo,hb_ci68_hi,hb_post_std,hb_z_score,hb_scholar_in68,hb_prior_prec
herodotus_histories,classical,False,-440.0,-446.5565204113333,-466.16123227006744,-426.951808552599,19.687631627643523,-0.32782602056666404,True,0.9690070977644738
thucydides_history,classical,False,-410.0,-409.18504531933604,-423.912074230743,-394.45801640792916,14.871525457655956,0.054330312044263945,True,0.9829434197231519
lysias_orations,classical,False,-390.0,-393.47621448050194,-413.11225302904444,-373.8401759319594,19.656351036672625,-0.17381072402509687,True,0.9659303401922525
xenophon_anabasis,classical,False,-370.0,-371.9356883232771,-386.6883855820894,-357.1829910644647,14.855165043503716,-0.1290458882184718,True,0.9807819043099323
xenophon_hellenica,classical,False,-355.0,-359.0865649043115,-373.8392621631238,-344.33386764549914,14.859163087356277,-0.27243766028743344,True,0.9813099006962281
plato_republic,classical,False,-375.0,-367.26725563058926,-386.60314410409427,-347.4479699452466,19.69826338782578,0.38663721847053695,True,0.9700539512403938
plato_laws,classical,False,-350.0,-351.47226954492453,-366.2249668037368,-336.7195722861121,14.866163098551354,-0.09815130299496862,True,0.9822346901010223
isocrates_panegyricus,classical,False,-375.0,-369.68424168977737,-389.0201301632824,-349.86495600443476,19.745353119777832,0.2657879155111317,True,0.9746974245618003
demosthenes_philippics,classical,False,-350.0,-348.61690878515435,-363.3696060439667,-333.86421152634205,14.867417147987453,0.09220608098970993,True,0.9824004117878726
aeschines_orations,classical,False,-345.0,-343.8579741855375,-358.61067144434975,-329.1052769267252,14.85349356645415,0.07613505429749996,True,0.9805612050164214
andocides_orations,classical,False,-400.0,-400.4377286979155,-420.2738672964831,-381.09749356431223,19.65869930364678,-0.021886434895773733,True,0.966161145778006
aristotle_nicomachean,classical,False,-335.0,-332.91242460641865,-342.9061872656141,-323.3945554071849,9.962195132641158,0.20875753935813463,True,0.9924533186081919
aristotle_politics,classical,False,-335.0,-332.91242460641865,-342.9061872656141,-322.91866194722326,9.96382645937925,0.20875753935813463,True,0.9927783771262605
aeneas_tacticus,classical,False,-350.0,-357.1829910644647,-376.6946229228939,-337.67135920603556,19.642578976058697,-0.3591495532232358,True,0.9645772720767579
hyperides_orations,classical,False,-340.0,-340.050826505844,-354.8035237646563,-324.82223578707,14.865786043861151,-0.0033884337229324046,True,0.9821848653415864
theophrastus_characters,classical,False,-315.0,-316.7320469677213,-331.48474422653356,-301.97934970890896,14.892002051529591,-0.1154697978480878,True,0.9856521115678292
theophrastus_historia_plantarum,classical,False,-310.0,-306.7382843085258,-321.49098156733817,-291.98558704971356,14.86170227452984,0.21744771276494626,True,0.9816453088745128
dionysius_roman_antiquities,atticizing,False,-20.0,-21.678101791475022,-36.4307990502873,-6.92540453266275,14.796439791783547,-0.11187345276500148,True,0.9730428022750023
dionysius_thucydides,atticizing,False,-20.0,-19.29863449166657,-34.0513317504789,-4.545937232854293,14.812757417232865,0.04675770055556209,True,0.975190143563499
strabo_geography,atticizing,False,-20.0,-21.202208331513322,-35.95490559032565,-6.449511072700993,14.777642174018515,-0.08014722210088815,True,0.9705720365481364
plutarch_lives,atticizing,False,100.0,94.43990243917669,79.68720518036442,109.1925996979891,14.818555761008833,-0.3706731707215539,True,0.9759537548539025
plutarch_moralia,atticizing,False,100.0,101.57830433860207,86.82560707978979,116.33100159741434,14.792882992318534,0.10522028924013777,True,0.9725750543307864
dio_chrysostom_orations,atticizing,False,100.0,103.95777163841052,89.20507437959813,118.7104688972228,14.790550922762847,0.26385144256070137,True,0.9722684293281819
arrian_anabasis,atticizing,False,145.0,143.9328222751923,133.93905961599683,153.92658493438768,9.950282035667103,-0.10671777248076922,True,0.9900811258931946
pausanias_description,atticizing,False,160.0,155.3542653142727,140.60156805546043,170.1069625730851,14.80429897501717,-0.30971564571515275,True,0.9740767472964197
lucian_true_history,atticizing,False,165.0,168.67928219320004,153.92658493438768,183.4319794520123,14.814357948975413,0.24528547954666918,True,0.9754008952905378
aelius_aristides_sacred,atticizing,False,170.0,169.1551756531617,154.40247839434943,183.90787291197398,14.82342891260717,-0.05632162312255294,True,0.9765957543427476
maximus_tyrius_orations,atticizing,False,180.0,180.57661869224222,165.82392143342983,195.3293159510545,14.80426831443361,0.038441246149481384,True,0.9740727125588575
philostratus_lives_sophists,atticizing,False,220.0,221.97934970890904,207.22665245009668,236.73204696772132,14.788303810848548,0.13195664726060272,True,0.9719730204531454
cassius_dio_roman,atticizing,False,220.0,221.02756278898565,206.27486553017337,235.78026004779792,14.800437341687296,0.06850418593237653,True,0.9735686466898298
libanius_orations,atticizing,False,360.0,360.5779524184344,345.90660686193667,375.2492979749322,14.8185360793395,0.03853016122895951,True,0.9759511623763845
lxx_genesis,koine,False,-270.0,-250.5828560330467,-270.09448789147586,-231.07122417461753,19.61188494825095,0.9708571983476645,True,0.9615650780585805
lxx_exodus,koine,False,-260.0,-245.34802797346816,-264.8596598318974,-225.83639611503898,19.6103436735261,0.7325986013265918,True,0.9614139474845127
lxx_1kingdoms,koine,False,-240.0,-154.92827058074755,-183.0059847184871,-127.32644990296963,27.919253180166592,2.835724313975082,False,0.8660941090424914
apollodorus_library,koine,False,-150.0,-215.47761824976487,-273.66602955645476,-157.28920694307504,58.51955207980785,-0.873034909996865,False,0.6088067512215722
lxx_judith,koine,False,-125.0,-76.40584968706908,-113.5255395640807,-39.76205327001916,37.025633113563714,1.214853757823273,False,0.8568109421626411
lxx_2maccabees,koine,False,-110.0,-111.14607226427225,-135.41663872231834,-87.35139926618791,24.19567068441667,-0.04584289057088995,True,0.9366887677899844
lxx_1maccabees,koine,False,-100.0,-88.30318618611125,-113.04964610411899,-64.03261972806521,24.61589039563374,0.4678725525555501,True,0.9695072959517655
diodorus_siculus,koine,False,-50.0,-58.797791668486646,-78.30942352691584,-39.286159810057455,19.609949530963906,-0.43988958342433226,True,0.9613753015173788
philo_de_opificio,koine,False,40.0,40.66394146350605,25.911244204693773,55.416638722318325,14.826762805805998,0.0442627642337366,True,0.9770350902205873
philo_de_vita_mosis,koine,False,40.0,43.519302223276156,28.766604964463873,58.27199948208853,14.836600387207978,0.23462014821841043,True,0.9783320491097774
josephus_jewish_war,koine,False,80.0,79.21131172040278,69.21754906120731,89.20507437959813,9.945728050567874,-0.07886882795972242,True,0.9891750645585266
josephus_antiquities,koine,False,93.0,93.01222205929164,87.77739399971308,97.77115665890855,4.9934698044338495,0.0024444118583289765,True,0.997389627511705
vita_aesopi,koine,False,50.0,82.06667248017288,24.00767036484696,141.0774615154221,58.9412607023336,0.42755563306897176,True,0.6176128378987475
john_gospel,koine,False,100.0,100.62651741867867,81.11488556024948,120.13814927710786,19.667316069340064,0.031325870933933686,True,0.9670083034283048
chariton_callirhoe,koine,False,100.0,116.33100159741434,79.21131172040278,152.97479801446437,37.04426959607327,0.4082750399353586,True,0.8576736936915991
ignatius_letters,koine,False,108.0,107.76491931810403,103.00598471848713,112.99974737768258,4.994944022263602,-0.04701613637919309,True,0.9979786314218757
testament_abraham,koine,False,100.0,62.555040621743686,19.24873576523016,109.1925996979891,45.556549113360134,-0.7488991875651263,True,0.8301596668471977
epictetus_discourses,koine,False,108.0,110.62028007787413,101.10241087864043,120.61404273706961,9.954445062879934,0.26202800778741275,True,0.9909097650989469
achilles_tatius,koine,False,150.0,138.69799421561373,110.14438661791249,167.251601813315,28.63401831671423,-0.3767335261462089,True,0.9110077832910288
appian_roman_history,koine,False,155.0,154.40247839434943,139.64978113553704,169.1551756531617,14.841115766368404,-0.039834773710038004,True,0.9789276319588837
galen_natural_faculties,koine,False,180.0,178.6730448523954,164.39624105354477,193.4257421112078,14.825297017433503,-0.08846367650697289,True,0.976841918467212
clement_stromateis,koine,False,200.0,199.136463630748,184.38376637193574,213.8891608895603,14.826778865133639,-0.05756909128346592,True,0.9770372067358825
aelian_various_history,koine,False,220.0,221.02756278898565,206.27486553017337,235.78026004779792,14.832108099172263,0.06850418593237653,True,0.9777396918468065
plotinus_enneads,koine,False,265.0,267.18922840526926,257.1954657460739,277.1829910644648,9.947867917192823,0.21892284052692618,True,0.9896007609791427
porphyry_life_plotinus,koine,False,290.0,289.08032756350696,274.32763030469465,303.8330248223193,14.83052213182585,-0.06131149576620298,True,0.9775306075670062
iamblichus_pythagorean,koine,False,305.0,301.9210471614767,287.09081113327966,316.7512831896737,14.848782204630844,-0.20526352256822142,True,0.9799392576024961
eusebius_church_history,koine,False,315.0,309.02013016328243,294.51821380815363,324.00544373024877,14.860763141358044,-0.3986579891145046,True,0.9815212495268701
polybius_histories,koine,True,-160.0,-154.92827058074755,-178.7229435788319,-130.65770412270143,24.194022164954372,0.20286917677009797,True,0.9365611336292856
mark_gospel,koine,True,70.0,72.54880328093917,57.79610602212678,87.77739399971308,14.996184460917187,0.1699202187292779,True,0.9994913261593514
matthew_gospel,koine,True,85.0,80.16309864032607,65.4104013815138,94.91579589913846,14.783405403043593,-0.3224600906449287,True,0.9713292236032823
luke_gospel,koine,True,120.0,127.75244463649486,99.67473049875537,156.30605223419613,28.53978655979149,0.2584148212164952,True,0.9050215743093944
diogenes_laertius_lives,koine,True,230.0,228.64185814837265,200.0882505506714,257.1954657460739,28.69901890842477,-0.04527139505424505,True,0.915148540340136
