id,date_bce,date_sigma,register,genre,holdout,hbvi_holdout,in_training,n_words,frac_ani,rate_anochi,rate_ani,frac_she,rate_asher,frac_ein,rate_neg_al,frac_neg_al,rate_neg_lo,rate_ki,rate_gam,rate_lakhen,rate_hinne,rate_atta,rate_az,rate_af,rate_wayyiqtol,rate_qatal,rate_yiqtol,rate_ptca,rate_ptcp,rate_inf_abs,rate_inf_con,rate_impv,rate_jussive,rate_cohort,rate_qal,rate_hiphil,rate_piel,rate_niphal,rate_hithpael,rate_hophal,frac_baqash,rate_baqash,rate_shaal,frac_qahal,rate_hayah,rate_amar,rate_natan,rate_halak,rate_const,rate_prs,rate_pl_noun,rate_f_noun,frac_anachnu,rate_pen,rate_terem,rate_na,frac_halak_piel,frac_ysf_qal,frac_niphal,frac_yld_nif,frac_zaqaq,rate_ut_nouns,frac_nmcl,frac_fronted,frac_cpen,frac_ptcp_cl,frac_infc,frac_wqtl_wayq,rate_cpen_1k,frac_sv,frac_null_subj,frac_ov
Amos,760.0,20.0,SBH,prophecy,False,False,True,2780,0.09090909090909091,3.5971223021582737,0.3597122302158273,0.0,6.474820143884892,0.06578947368421052,5.0359712230215825,0.16470588235294117,25.53956834532374,9.35251798561151,1.079136690647482,2.5179856115107913,5.39568345323741,0.7194244604316546,0.0,0.7194244604316546,10.431654676258994,68.3453237410072,48.201438848920866,28.77697841726619,1.079136690647482,1.7985611510791368,15.107913669064748,15.467625899280575,0.0,0.0,125.89928057553956,35.97122302158273,12.23021582733813,13.30935251798561,1.079136690647482,0.3597122302158273,1.0,0.3597122302158273,0.0,,3.5971223021582737,18.70503597122302,1.4388489208633093,3.237410071942446,82.37410071942446,82.37410071942446,68.70503597122301,64.02877697841726,,0.3597122302158273,0.0,0.7194244604316546,0.0,0.0,0.07034220532319392,,,1.7985611510791368,0.10669077757685352,0.30018083182640143,0.012658227848101266,0.09403254972875226,0.0759493670886076,0.7928571428571428,2.5179856115107913,0.265625,0.6513994910941476,0.16666666666666666
Hosea,745.0,25.0,SBH,prophecy,False,False,True,3146,0.5217391304347826,3.4965034965034967,3.814367450731087,0.0,3.814367450731087,0.189873417721519,9.535918626827717,0.3191489361702128,20.3432930705658,21.93261284170375,3.814367450731087,1.2714558169103625,0.9535918626827717,3.814367450731087,0.3178639542275906,1.2714558169103625,13.986013986013987,74.06230133502861,82.96249205340115,20.025429116338206,3.814367450731087,3.4965034965034967,9.853782581055308,10.80737444373808,0.0,0.0,152.57469802924348,25.746980292434838,23.839796567069293,10.80737444373808,1.589319771137953,1.2714558169103625,0.8333333333333334,1.589319771137953,0.3178639542275906,0.0,8.582326764144947,6.993006993006993,3.814367450731087,6.993006993006993,64.5263827082009,148.4424666242848,72.47298156389064,51.176096630642085,,0.3178639542275906,0.0,0.0,0.0,0.0,0.04934687953555878,0.14285714285714285,,2.860775588048315,0.14248366013071895,0.3503267973856209,0.02091503267973856,0.050980392156862744,0.0392156862745098,0.6615384615384615,5.08582326764145,0.4533333333333333,0.702276707530648,0.24404761904761904
Micah,725.0,25.0,SBH,prophecy,False,False,True,1895,0.6666666666666666,0.5277044854881267,1.0554089709762533,0.0,8.443271767810026,0.16666666666666666,3.6939313984168862,0.1891891891891892,15.8311345646438,17.41424802110818,0.5277044854881267,3.1662269129287597,1.0554089709762533,4.221635883905013,0.5277044854881267,1.0554089709762533,3.6939313984168862,60.15831134564644,77.04485488126649,37.46701846965699,1.5831134564643798,3.1662269129287597,7.9155672823219,13.720316622691293,0.0,0.0,142.4802110817942,31.13456464379947,16.886543535620053,10.026385224274406,2.638522427440633,1.0554089709762533,0.0,0.0,0.5277044854881267,1.0,10.026385224274406,5.277044854881266,3.6939313984168862,6.332453825857519,83.90501319261213,116.62269129287598,79.155672823219,65.96306068601584,1.0,0.0,0.0,2.1108179419525066,0.0,,0.04896907216494845,0.0,,1.5831134564643798,0.11704834605597965,0.356234096692112,0.017811704834605598,0.08396946564885496,0.03816793893129771,0.9027777777777778,3.6939313984168862,0.43243243243243246,0.7294520547945206,0.2087912087912088
Zephaniah,630.0,20.0,SBH,prophecy,False,False,True,1037,1.0,0.0,1.9286403085824495,0.0,5.785920925747349,0.10714285714285714,2.8929604628736745,0.10714285714285714,24.108003857280618,16.393442622950822,4.821600771456123,1.9286403085824495,0.9643201542912248,0.0,1.9286403085824495,3.857280617164899,1.9286403085824495,61.716489874638384,52.07328833172613,39.537126325940214,1.9286403085824495,2.8929604628736745,10.607521697203472,11.571841851494698,0.0,0.0,109.93249758919961,27.000964320154292,20.25072324011572,20.25072324011572,0.9643201542912248,0.0,1.0,3.857280617164899,0.0,,10.607521697203472,4.821600771456123,1.9286403085824495,0.9643201542912248,114.75409836065575,94.50337512054003,62.6808100289296,69.43105110896818,,0.0,0.0,0.0,0.0,0.0,0.1111111111111111,0.0,,2.8929604628736745,0.1782178217821782,0.3316831683168317,0.0,0.11386138613861387,0.054455445544554455,0.9310344827586207,0.0,0.3142857142857143,0.7045454545454546,0.10869565217391304
Nahum,650.0,25.0,SBH,prophecy,False,False,True,746,,0.0,0.0,0.0,2.680965147453083,0.4375,4.021447721179625,0.25,12.064343163538874,8.04289544235925,5.361930294906166,0.0,5.361930294906166,1.3404825737265416,0.0,2.680965147453083,5.361930294906166,76.40750670241286,48.257372654155496,60.32171581769437,6.702412868632708,8.04289544235925,2.680965147453083,17.426273458445042,0.0,0.0,113.94101876675605,21.447721179624665,41.55495978552279,22.78820375335121,6.702412868632708,5.361930294906166,1.0,2.680965147453083,0.0,,4.021447721179625,2.680965147453083,0.0,2.680965147453083,85.79088471849866,132.70777479892763,95.17426273458445,76.40750670241286,,0.0,0.0,0.0,0.0,0.0,0.10119047619047619,,,0.0,0.2553191489361702,0.26063829787234044,0.015957446808510637,0.13297872340425532,0.010638297872340425,0.8461538461538461,4.021447721179625,0.5111111111111111,0.5636363636363636,0.24242424242424243
Habakkuk,605.0,20.0,SBH,prophecy,False,True,True,897,1.0,0.0,1.1148272017837235,0.0,3.3444816053511706,0.125,4.459308807134894,0.16,23.41137123745819,17.837235228539576,1.1148272017837235,0.0,4.459308807134894,0.0,1.1148272017837235,2.229654403567447,16.72240802675585,49.05239687848383,90.3010033444816,31.21516164994426,2.229654403567447,3.3444816053511706,20.066889632107024,14.492753623188406,0.0,0.0,151.6164994425864,31.21516164994426,28.985507246376812,6.688963210702341,5.574136008918618,0.0,,0.0,0.0,,3.3444816053511706,3.3444816053511706,1.1148272017837235,3.3444816053511706,59.08584169453734,128.2051282051282,74.69342251950947,68.00445930880714,,0.0,0.0,0.0,0.3333333333333333,,0.029411764705882353,,,1.1148272017837235,0.16017316017316016,0.3116883116883117,0.017316017316017316,0.08225108225108226,0.07792207792207792,0.3181818181818182,4.459308807134894,0.3695652173913043,0.6578947368421053,0.1891891891891892
Lamentations,570.0,50.0,Transitional,poetry,False,False,True,1945,1.0,0.0,2.056555269922879,0.3076923076923077,4.627249357326479,0.22,5.655526992287918,0.22,20.051413881748072,14.395886889460154,3.084832904884319,0.0,0.0,0.0,0.0,5.655526992287918,14.910025706940875,134.19023136246784,41.6452442159383,29.30591259640103,2.056555269922879,3.084832904884319,10.282776349614394,14.910025706940875,0.0,0.0,165.55269922879177,32.904884318766065,33.419023136246786,12.339331619537276,3.084832904884319,1.0282776349614395,0.6666666666666666,1.0282776349614395,0.5141388174807198,1.0,11.825192802056554,5.141388174807197,4.627249357326479,3.084832904884319,90.48843187660668,174.29305912596402,93.05912596401028,92.54498714652956,0.5,0.0,0.0,1.0282776349614395,0.16666666666666666,0.0,0.049281314168377825,,,2.056555269922879,0.09795918367346938,0.3489795918367347,0.004081632653061225,0.04285714285714286,0.03877551020408163,0.2926829268292683,1.0282776349614395,0.34959349593495936,0.67,0.15555555555555556
Ezekiel,580.0,20.0,Transitional,prophecy,False,False,True,26182,0.9941176470588236,0.03819417920708884,6.454816285998014,0.0,13.024215109617295,0.06521739130434782,19.173477961958596,0.5933806146572104,13.13879764723856,7.715224199831946,1.1076311970055763,2.406233290046597,4.392330608815217,0.3055534336567107,0.03819417920708884,0.5729126881063327,19.593613933236576,65.31204644412192,33.190741730960205,17.225574822397068,3.055534336567107,1.3749904514551983,16.843633030326178,8.784661217630434,0.0,0.0,116.07211061034299,18.676953632266443,14.17004048582996,12.718661675960584,0.9930486593843098,1.3749904514551983,0.9090909090909091,0.38194179207088835,0.03819417920708884,1.0,12.871438392788939,13.864487052173248,7.944389275074478,2.5590100068749524,90.48201054159347,125.12413108242303,77.95431976166832,85.21121381101521,1.0,0.0,0.0,0.19097089603544418,0.014925373134328358,0.0,0.07690531177829099,0.0,,3.7048353830876173,0.19200930954228085,0.28665632273079905,0.022885958107059737,0.05876648564778898,0.08223429014740109,0.6493506493506493,4.506913146436483,0.3600944510035419,0.7318994244168434,0.23255813953488372
Obadiah,585.0,80.0,Transitional,prophecy,False,False,True,392,,0.0,0.0,0.0,10.204081632653061,0.16666666666666666,0.0,0.0,12.755102040816327,7.653061224489796,5.1020408163265305,0.0,2.5510204081632653,0.0,0.0,0.0,0.0,86.73469387755102,58.673469387755105,12.755102040816327,5.1020408163265305,0.0,15.306122448979592,2.5510204081632653,0.0,0.0,127.55102040816327,28.06122448979592,7.653061224489796,15.306122448979592,0.0,0.0,,0.0,0.0,,17.857142857142858,5.1020408163265305,2.5510204081632653,0.0,117.34693877551021,119.89795918367346,51.02040816326531,43.36734693877551,,0.0,0.0,0.0,,,0.08450704225352113,,,7.653061224489796,0.10666666666666667,0.4666666666666667,0.0,0.05333333333333334,0.06666666666666667,1.0,0.0,0.34782608695652173,0.5344827586206896,0.08333333333333333
Joel,400.0,150.0,Transitional,prophecy,False,False,True,1318,1.0,0.0,3.0349013657056148,0.0,9.104704097116844,0.2,9.104704097116844,0.5,9.104704097116844,24.279210925644918,5.311077389984826,0.0,2.276176024279211,0.7587253414264037,0.0,0.7587253414264037,5.311077389984826,76.63125948406676,46.28224582701062,18.20940819423369,3.7936267071320184,2.276176024279211,5.311077389984826,32.62518968133536,0.0,0.0,127.4658573596358,25.796661608497722,18.96813353566009,14.415781487101668,0.0,0.7587253414264037,,0.0,0.0,1.0,8.345978755690439,3.7936267071320184,6.0698027314112295,3.0349013657056148,73.59635811836115,97.11684370257967,96.35811836115326,58.42185128983308,,0.0,0.0,0.0,0.0,0.0,0.07569721115537849,,,2.276176024279211,0.12781954887218044,0.34962406015037595,0.0,0.04887218045112782,0.02631578947368421,0.8372093023255814,0.0,0.3793103448275862,0.5849056603773585,0.17647058823529413
Jonah,400.0,60.0,Transitional,narrative,False,False,True,985,0.7142857142857143,2.0304568527918785,5.076142131979695,0.2,12.182741116751268,0.0,34.51776649746193,0.7906976744186046,9.137055837563452,13.197969543147208,0.0,0.0,0.0,1.0152284263959392,0.0,2.0304568527918785,85.27918781725887,38.578680203045685,27.411167512690355,14.213197969543147,1.0152284263959392,4.060913705583757,20.30456852791878,13.197969543147208,0.0,0.0,148.22335025380713,27.411167512690355,14.213197969543147,8.121827411167514,6.091370558375634,0.0,0.0,0.0,1.0152284263959392,,10.15228426395939,22.335025380710658,2.0304568527918785,6.091370558375634,34.51776649746193,100.50761421319797,53.807106598984774,59.89847715736041,,0.0,0.0,3.045685279187817,0.0,0.0,0.03980099502487562,,,3.045685279187817,0.10714285714285714,0.18303571428571427,0.013392857142857142,0.06696428571428571,0.08928571428571429,0.056179775280898875,3.045685279187817,0.24,0.6728395061728395,0.13157894736842105
Malachi,460.0,25.0,Transitional,prophecy,False,False,True,1187,0.8888888888888888,0.8424599831508003,6.739679865206402,0.0,10.951979780960405,0.24,8.424599831508003,0.3448275862068966,16.006739679865206,17.691659646166805,4.212299915754001,0.0,5.054759898904802,2.527379949452401,0.8424599831508003,0.0,6.739679865206402,99.41027801179445,35.38331929233361,45.49283909014322,5.8972198820556025,0.0,12.636899747262007,5.054759898904802,0.0,0.0,144.06065711878685,19.376579612468408,26.95871946082561,15.164279696714406,0.0,2.527379949452401,1.0,2.527379949452401,0.0,,9.267059814658804,33.69839932603201,2.527379949452401,1.6849199663016006,61.499578770008426,112.04717775905644,66.55433866891322,53.074978938500415,1.0,0.8424599831508003,0.0,2.527379949452401,0.0,,0.072,,,0.0,0.12840466926070038,0.25680933852140075,0.011673151750972763,0.1245136186770428,0.058365758754863814,0.8688524590163934,2.527379949452401,0.26153846153846155,0.6206896551724138,0.1206896551724138
Haggai,520.0,10.0,Transitional,prophecy,True,False,False,877,1.0,0.0,4.561003420752566,0.0,7.98175598631699,0.5555555555555556,21.664766248574686,0.8260869565217391,4.561003420752566,3.4207525655644244,0.0,0.0,1.1402508551881414,4.561003420752566,0.0,0.0,18.244013683010262,43.32953249714937,15.96351197263398,11.402508551881414,2.280501710376283,7.98175598631699,21.664766248574686,15.96351197263398,0.0,0.0,112.884834663626,14.823261117445838,2.280501710376283,3.4207525655644244,2.280501710376283,0.0,0.0,0.0,1.1402508551881414,,10.262257696693274,29.646522234891677,1.1402508551881414,0.0,98.06157354618016,55.872291904218926,50.17103762827822,43.32953249714937,,0.0,0.0,4.561003420752566,,,0.025,,,1.1402508551881414,0.18461538461538463,0.2076923076923077,0.007692307692307693,0.046153846153846156,0.13846153846153847,0.4666666666666667,1.1402508551881414,0.0967741935483871,0.6049382716049383,0.0
Ezra,380.0,60.0,LBH,narrative,False,False,True,5268,1.0,0.0,0.37965072133637057,0.04,4.555808656036446,0.12903225806451613,3.7965072133637054,0.425531914893617,5.125284738041002,4.555808656036446,0.18982536066818528,0.0,0.18982536066818528,1.1389521640091116,0.0,0.37965072133637057,16.324981017463934,31.32118451025057,14.806378132118452,17.843583902809414,3.60668185269552,0.37965072133637057,18.413059984813973,3.2270311313591495,0.0,0.0,36.826119969627946,11.009870918754746,7.21336370539104,5.315110098709187,2.847380410022779,0.7593014426727411,0.5,0.7593014426727411,0.7593014426727411,1.0,0.9491268033409264,3.7965072133637054,4.1761579347000755,1.3287775246772968,120.34927866362946,65.6795747911921,126.2338648443432,67.00835231586939,1.0,0.0,0.0,0.18982536066818528,0.0,0.0,0.05017921146953405,1.0,,3.416856492027335,0.3100263852242744,0.22427440633245382,0.018469656992084433,0.08839050131926121,0.1279683377308707,0.4027777777777778,2.6575550493545936,0.4485294117647059,0.5813953488372093,0.2033898305084746
Nehemiah,380.0,60.0,LBH,narrative,False,False,True,7842,0.9375,0.12751849018107625,1.9127773527161438,0.0,12.24177505738332,0.14666666666666667,7.778627901045652,0.488,8.16118337158888,5.228258097424127,2.1678143330782964,0.0,0.510073960724305,0.6375924509053813,0.0,0.2550369803621525,33.66488140780413,32.517214996174445,14.537107880642694,23.20836521295588,4.08059168579444,1.2751849018107626,12.496812037745473,3.8255547054322876,0.0,0.0,80.20913032389697,24.100994644223412,10.2014792144861,7.906146391226727,1.7852588625350676,0.0,0.75,0.7651109410864575,0.2550369803621525,1.0,6.12088752869166,7.778627901045652,5.483295077786279,1.6577403723539914,101.12216271359348,83.7796480489671,115.02167814333077,65.54450395307319,1.0,0.0,0.0,0.7651109410864575,0.0,0.0,0.06294416243654823,0.0,,2.8054067839836776,0.19128113879003558,0.24466192170818504,0.011565836298932384,0.12188612099644128,0.08540925266903915,0.27472527472527475,1.6577403723539914,0.2653061224489796,0.6862745098039216,0.2094240837696335
Esther,300.0,60.0,LBH,narrative,False,False,True,4621,1.0,0.0,1.2984202553559836,0.0,21.423934213373727,0.2564102564102564,12.767799177667172,0.6704545454545454,6.275697900887254,7.14131140445791,1.7312270071413114,0.0,0.6492101276779918,0.0,0.0,0.0,34.408136766933566,35.706557022289545,15.364639688379139,21.207530837481066,3.462454014282623,3.462454014282623,24.020774724085697,2.596840510711967,0.0,0.0,90.6730144990262,16.446656567842457,13.417009305345163,16.230253191949792,1.2984202553559836,0.6492101276779918,1.0,1.9476303830339754,0.0,,3.678857390175287,11.252975546418524,6.275697900887254,0.8656135035706557,88.94178749188488,64.05539926422853,51.07119671066869,73.36074442761307,,0.0,0.0,0.0,0.0,0.0,0.11574074074074074,,,6.05929452499459,0.1416058394160584,0.24817518248175183,0.0072992700729927005,0.0948905109489051,0.1591240875912409,0.21674876847290642,1.0820168794633196,0.23232323232323232,0.5024630541871922,0.14583333333333334
Ecclesiastes,250.0,120.0,LBH,wisdom,False,False,True,4233,1.0,0.0,6.850933144342074,0.43312101910828027,21.025277580911883,0.4036697247706422,5.433498700685093,0.26136363636363635,15.355539806283959,20.552799433026223,13.701866288684148,0.0,1.417434443656981,0.0,0.23623907394283014,0.0,0.7087172218284905,48.429010158280185,51.97259626742263,27.403732577368295,3.071107961256792,4.961020552799433,25.041341837939996,6.850933144342074,0.0,0.0,124.26175289392866,16.300496102055277,13.465627214741318,11.339475549255848,1.417434443656981,0.0,0.7777777777777778,1.653673517599811,0.4724781478856603,,11.103236475313016,4.7247814788566025,5.905976848570754,7.087172218284904,74.88778643987716,70.16300496102056,54.571226080793764,52.44507441530829,,0.0,0.0,0.23623907394283014,0.1,0.0,0.06732117812061711,0.4,,5.433498700685093,0.29136316337148804,0.3059313215400624,0.03954214360041623,0.08324661810613944,0.11030176899063475,0.9538461538461539,8.977084809827545,0.398876404494382,0.5886214442013129,0.25
Genesis,,,,,False,False,False,28764,0.422680412371134,1.9468780419969407,1.4253928521763317,0.0024271844660194173,14.28869420108469,0.14859437751004015,16.513697677652623,0.6914119359534207,7.370324016131275,10.082047003198442,3.2679738562091503,0.06953135864274787,4.345709915171743,1.3906271728549575,0.20859407592824364,0.45195383117786125,73.21652065081352,38.589904046725074,23.779724655819777,11.333611458767905,1.5644555694618272,1.9121123626755667,15.157836184119036,10.360172437769434,0.0,0.0,134.4736476150744,17.521902377972467,12.585175914337366,7.335558336809901,1.4949242108190792,0.7300792657488527,0.2777777777777778,0.1738283966068697,0.45195383117786125,1.0,10.985954665554164,21.068001668752608,5.21485189820609,4.206647197886246,73.66847448199138,116.39549436795996,63.62119315811431,57.29383952162425,0.9444444444444444,0.5910165484633569,0.0,2.5726602697816716,0.0,0.14285714285714285,0.041699604743083006,0.041176470588235294,,2.5378945904602976,0.14048442906574393,0.20968858131487889,0.01591695501730104,0.04325259515570934,0.07525951557093426,0.13599013968775678,3.1984424975664023,0.16792842395044735,0.6342980148289883,0.1
Exodus,,,,,False,False,False,23748,0.639344262295082,0.9263938015832912,1.642243557352198,0.0,13.011622031328955,0.08270676691729323,16.759306046824996,0.6199376947040498,10.274549435741957,8.33754421424962,1.6843523665150748,0.042108809162876876,1.726461175677952,0.8421761832575374,0.336870473303015,0.4210880916287687,37.39262253663466,45.688057941721404,34.487114704396156,12.00101061141991,3.326595923867273,2.4423109314468583,14.611756779518275,8.253326595923868,0.0,0.0,109.9882095334344,16.464544382684856,19.370052214923362,7.5374768401549606,0.7579585649317837,2.3159845039582283,0.4166666666666667,0.21054404581438435,0.2947616641401381,0.11764705882352941,9.895570153276065,12.590533939700185,4.8425130537308405,3.073943068890012,91.50244231093146,93.9447532423783,78.02762337881084,69.26899107293245,0.3333333333333333,0.5474145191173994,0.0,0.6316321374431532,0.0,0.0,0.047644397125365986,0.0,,3.3687047330301496,0.1313403577554521,0.26758147512864494,0.011271747120803725,0.0450869884832149,0.08355795148247978,0.4224983649444081,1.9370052214923363,0.1742826780021254,0.6693657219973009,0.12173128944995491
Leviticus,,,,,False,False,False,17099,1.0,0.0,4.15228960757939,0.0,18.07123223580326,0.06930693069306931,14.26984034154044,0.46387832699619774,16.492192525878707,8.538511024036493,0.1754488566582841,0.0,1.520556757705129,0.0,0.23393180887771214,0.0,11.0532779694719,53.45341832855723,52.28375928416867,12.22293701386046,1.9884203754605532,2.2223521843382654,11.63810749166618,2.3978010409965496,0.0,0.0,87.37353061582549,23.21773203111293,20.761448037896955,10.76086320837476,1.6375226621439851,2.5732498976548337,1.0,0.058482952219428036,0.0,0.29411764705882354,8.59699397625592,4.678636177554243,5.029533890870812,1.1696590443885608,90.06374641791918,103.8657231417042,55.26638984735949,79.8877127317387,,0.058482952219428036,0.0,0.0,0.0,0.6363636363636364,0.07307386814932486,0.2,,0.9942101877302766,0.1635031635031635,0.31901431901431904,0.04428904428904429,0.049617049617049616,0.06526806526806526,0.7993630573248408,7.778232645183929,0.23,0.6873156342182891,0.19217081850533807
Numbers,,,,,False,False,False,23188,0.75,0.30188028290495084,0.9056408487148525,0.0,12.722097636708643,0.09090909090909091,15.439020182853199,0.6532846715328468,8.19389339313438,5.606348111091944,0.819389339313438,0.12937726410212178,1.2075211316198033,0.6468863205106089,0.04312575470070726,0.6468863205106089,32.344316025530446,36.74314300500259,29.368638951181648,12.247714335000863,5.99447990339831,1.638778678626876,13.498361221321373,5.821976884595481,0.0,0.0,98.88735552872176,14.921511126444713,13.929618768328446,6.468863205106089,1.9406589615318268,0.8625150940141452,0.6666666666666666,0.08625150940141452,0.04312575470070726,0.12631578947368421,7.762635846127307,10.608935656373987,5.175090564084871,1.9406589615318268,116.05140589960325,81.50767638433673,78.66137657409004,77.2382266689667,0.8333333333333334,0.12937726410212178,0.0,0.819389339313438,0.0,0.2222222222222222,0.046992481203007516,0.14285714285714285,,3.1913058478523375,0.19138755980861244,0.2477405635300372,0.02737905369484317,0.05874534821903243,0.08187134502923976,0.3862520458265139,4.441952734172848,0.18430034129692832,0.6221389929255098,0.1411764705882353
Deuteronomy,,,,,False,False,False,20128,0.13846153846153847,2.7821939586645468,0.44713831478537364,0.0,29.014308426073132,0.06787330316742081,10.333863275039745,0.33548387096774196,20.468998410174883,13.712241653418124,1.043322734499205,0.0,0.49682034976152617,0.44713831478537364,0.09936406995230525,0.645866454689984,12.619236883942767,58.47575516693164,50.775039745627986,19.72376788553259,4.024244833068362,3.179650238473768,22.505961844197138,5.465023847376789,0.0,0.0,125.04968203497616,21.810413354531004,18.92885532591415,7.849761526232114,1.6891891891891893,0.5465023847376789,0.2,0.09936406995230525,0.397456279809221,1.0,8.4956279809221,7.0548489666136724,8.744038155802862,2.633147853736089,71.0949920508744,144.22694753577107,74.9701907790143,52.16613672496025,1.0,1.3910969793322734,0.0,0.09936406995230525,0.0,0.26666666666666666,0.04440697020798201,0.25,,1.6891891891891893,0.09924283396430503,0.3628988642509465,0.014872904272579772,0.07733910221741482,0.12195781503515414,0.7302771855010661,2.7325119236883944,0.19333333333333333,0.7162002364998029,0.17073170731707318
Isaiah_1,720.0,30.0,SBH,prophecy,False,False,True,13504,0.6153846153846154,0.37026066350710896,0.5924170616113744,0.0,8.367890995260662,0.12719298245614036,9.108412322274882,0.38198757763975155,14.736374407582938,14.069905213270141,1.110781990521327,1.555094786729858,3.110189573459716,1.2588862559241707,0.37026066350710896,1.4069905213270142,11.996445497630333,67.60959715639811,54.28021327014218,30.287322274881515,5.405805687203792,4.146919431279621,14.44016587677725,13.255331753554502,0.0,0.0,132.8495260663507,25.54798578199052,16.143364928909953,17.69845971563981,2.5177725118483414,1.8513033175355451,0.25,0.0740521327014218,0.22215639810426538,,11.848341232227487,10.293246445497632,1.4810426540284358,2.5177725118483414,85.53021327014218,90.56575829383887,64.64751184834124,65.38803317535545,1.0,0.2962085308056872,0.0,0.9626777251184834,0.0,0.3125,0.08786764705882352,0.0,,3.036137440758294,0.14275542897828408,0.31505873976504095,0.013883944464222144,0.0701317194731221,0.06870772516909933,0.7182608695652174,2.8880331753554502,0.3293010752688172,0.6031344792719919,0.236328125
Isaiah_2,545.0,20.0,Transitional,prophecy,False,False,True,5738,0.7432432432432432,3.3112582781456954,9.585221331474381,0.0,5.4025792959219245,0.22115384615384615,6.971070059254096,0.19801980198019803,28.23283373997909,14.464970372952248,1.742767514813524,0.6971070059254095,3.3112582781456954,1.742767514813524,1.2199372603694667,0.5228302544440572,8.539560822586266,68.66504008365284,92.71523178807948,37.29522481700941,4.35691878703381,1.5684907633321714,10.630881840362495,24.573021958870687,0.0,0.0,161.03171836876962,38.16660857441617,23.004531195538515,16.03346113628442,4.008365284071105,1.742767514813524,0.7142857142857143,0.871383757406762,0.34855350296270476,,4.182642035552457,13.070756361101429,5.228302544440571,3.3112582781456954,59.079818752178454,144.82398048100384,65.35378180550714,58.2084349947717,1.0,0.34855350296270476,0.0,0.5228302544440572,0.0,0.0,0.06456140350877193,0.0,,2.4398745207389334,0.13123359580052493,0.37401574803149606,0.015091863517060367,0.08202099737532809,0.04002624671916011,0.6230769230769231,4.008365284071105,0.5020408163265306,0.7502246181491464,0.2826855123674912
Isaiah_3,400.0,100.0,Transitional,prophecy,False,False,True,3689,0.8888888888888888,0.5421523448088913,4.33721875847113,0.0,7.319056654920033,0.1717171717171717,4.879371103280022,0.18,22.228246137164543,15.993494171862292,1.626457034426674,0.5421523448088913,4.608294930875576,0.5421523448088913,1.0843046896177826,1.0843046896177826,8.945513689346708,66.14258606668474,73.19056654920033,37.137435619409054,4.066142586066685,5.421523448088913,15.722417999457848,9.487666034155597,0.0,0.0,137.7066955814584,29.005150447275685,27.64976958525346,17.077798861480076,5.150447275684467,0.813228517213337,0.3333333333333333,0.27107617240444565,0.5421523448088913,,7.319056654920033,8.945513689346708,1.626457034426674,2.439685551640011,73.73271889400921,148.27866630523175,71.8351856871781,60.72106261859582,1.0,0.0,0.0,0.27107617240444565,0.1111111111111111,,0.07758620689655173,0.14285714285714285,,0.5421523448088913,0.12128418549346016,0.3638525564803805,0.0178359096313912,0.10344827586206896,0.06777645659928656,0.753731343283582,4.066142586066685,0.4945054945054945,0.6407599309153713,0.27607361963190186
Zechariah_1,518.0,10.0,Transitional,prophecy,False,False,True,2484,1.0,0.0,3.6231884057971016,0.0,11.272141706924316,0.09090909090909091,24.9597423510467,0.7560975609756098,8.051529790660224,10.064412238325282,1.6103059581320451,0.4025764895330113,6.843800322061192,0.4025764895330113,0.0,0.0,38.64734299516908,55.55555555555555,23.752012882447666,30.193236714975843,0.4025764895330113,2.4154589371980677,22.544283413848632,10.064412238325282,0.0,0.0,146.1352657004831,13.285024154589372,12.077294685990339,8.051529790660224,2.4154589371980677,1.2077294685990339,1.0,1.2077294685990339,0.0,,12.077294685990339,38.64734299516908,2.4154589371980677,6.038647342995169,72.86634460547505,83.33333333333333,72.46376811594203,59.17874396135266,,0.0,0.0,1.2077294685990339,0.0,,0.043859649122807015,,,0.8051529790660226,0.16287878787878787,0.19507575757575757,0.01893939393939394,0.11931818181818182,0.10606060606060606,0.35570469798657717,4.025764895330112,0.30303030303030304,0.6634615384615384,0.16417910447761194
Zechariah_2,350.0,150.0,LBH,prophecy,False,False,True,1987,0.2857142857142857,2.5163563160543534,1.0065425264217414,0.0,8.05234021137393,0.058823529411764705,7.0457976849521895,0.30434782608695654,16.10468042274786,12.581781580271766,4.026170105686965,0.5032712632108707,3.019627579265224,0.5032712632108707,0.0,0.5032712632108707,9.562154001006542,66.9350780070458,54.35329642677403,31.20281831907398,0.5032712632108707,2.5163563160543534,7.54906894816306,7.0457976849521895,0.0,0.0,121.7916456970307,22.14393558127831,11.575239053850025,18.117765475591344,1.0065425264217414,1.509813789632612,0.6666666666666666,1.0065425264217414,0.5032712632108707,,18.621036738802214,6.542526421741319,0.5032712632108707,1.0065425264217414,86.56265727226975,88.57574232511324,59.88928032209361,56.366381479617516,,0.0,0.0,0.0,0.0,,0.10084033613445378,0.0,,0.5032712632108707,0.12121212121212122,0.27823691460055094,0.005509641873278237,0.07713498622589532,0.04132231404958678,0.8403361344537815,1.0065425264217414,0.31683168316831684,0.6167883211678832,0.19696969696969696
Chronicles,330.0,40.0,LBH,narrative,False,False,True,35330,0.967741935483871,0.028304557033682422,0.8491367110104727,0.005763688760806916,9.765072176620437,0.13821138211382114,6.510048117746957,0.5203619909502263,6.000566091140674,8.321539767902633,1.3303141805830738,0.028304557033682422,1.3586187376167562,1.1887913954146618,0.3962637984715539,0.33965468440418906,41.098216812906884,32.94650438720634,9.906594961788848,13.529578262100198,2.6889329181998303,0.7642230399094254,17.0676478913105,4.6702519105576,0.0,0.0,79.98867817718653,22.105859043305973,9.736767619586754,6.3402207755448625,3.000283045570337,0.537786583639966,0.5416666666666666,0.3679592414378715,0.31135012737050666,0.9705882352941176,6.7364845740164165,7.2459666006227,4.358901783187093,2.122841777526182,98.78290404755167,74.04472120011322,92.98046985564676,55.73167279932069,1.0,0.028304557033682422,0.0,0.22643645626945938,0.0,0.09090909090909091,0.05168435625288417,0.08196721311475409,,3.424851401075573,0.232734678763192,0.19292723569709314,0.010738752082947603,0.06702462506943159,0.11053508609516756,0.1962201222901612,1.6416643079535804,0.25,0.5838947706127687,0.1061061061061061
Daniel,167.0,10.0,LBH,apocalyptic,False,True,True,3437,0.9583333333333334,0.2909514111143439,6.69188245562991,0.0,13.674716322374163,0.16363636363636364,9.01949374454466,0.4025974025974026,13.38376491125982,6.9828338667442535,0.5819028222286878,0.0,3.200465522257783,2.0366598778004072,0.0,0.5819028222286878,26.476578411405296,54.69886528949665,39.278440500436425,25.603724178062265,2.3276112889147513,1.7457084666860634,17.457084666860634,7.273785277858598,0.0,0.0,100.08728542333431,30.54989816700611,14.83852196683154,20.07564736688973,7.564736688972942,1.4547570555717195,1.0,1.1638056444573757,0.0,,6.400931044515566,6.109979633401222,4.946173988943846,0.8728542333430317,81.17544370090195,100.37823683444864,75.64736688972941,67.50072737852778,1.0,0.0,0.0,0.5819028222286878,0.0,0.0,0.11480865224625623,0.0,,7.564736688972942,0.13425925925925927,0.2222222222222222,0.012345679012345678,0.08487654320987655,0.09259259259259259,0.55,2.3276112889147513,0.3953488372093023,0.6942528735632184,0.1348314606741573
Jer_oracle,605.0,30.0,SBH,prophecy,True,False,False,14539,0.65,0.9629272989889263,1.788293555265149,0.0,9.835614553958319,0.1675531914893617,12.793176972281449,0.3727454909819639,21.52830318453814,19.877570671985694,3.1639039823921866,2.4760987688286678,5.915124836646262,0.2751220854254075,0.2751220854254075,0.7565857349198707,9.49171194717656,80.61077102964441,50.14100006878052,28.81903844831144,2.407318247472316,4.058050760024761,12.036591237361579,18.364399202145954,0.0,0.0,138.59275053304904,26.136598115413715,17.95171607400784,16.5761056468808,2.957562418323131,0.8941467776325746,0.6666666666666666,0.8253662562762226,0.4126831281381113,0.5,8.666345690900338,13.82488479262673,4.058050760024761,4.470733888162872,82.74296719169132,121.39762019396106,66.44198363023591,61.48978609257858,1.0,0.4126831281381113,0.0,0.34390260678175943,0.0,0.0,0.08049432197728791,0.0,,2.957562418323131,0.1314194577352472,0.3690590111642743,0.012759170653907496,0.06698564593301436,0.05518341307814992,0.7341040462427746,2.7512208542540755,0.3089311859443631,0.6818973020017406,0.16262975778546712
Jer_DTR,,,,,False,False,False,15197,0.5490196078431373,1.5134566032769625,1.842468908337172,0.0,20.85938014081727,0.1145374449339207,22.37283674409423,0.6284658040665434,13.226294663420411,9.475554385734027,0.7896295321445022,1.2502467592287951,3.4875304336382182,0.7896295321445022,0.2632098440481674,0.8554319931565441,22.76765151016648,52.97098111469369,25.53135487267224,19.60913338158847,2.5662959794696323,5.264196880963348,20.99098506284135,8.685924853589524,0.0,0.0,112.06159110350727,20.33296045272093,12.502467592287951,10.528393761926695,1.1186418372047116,1.0528393761926695,0.6875,0.7238270711324604,0.32901230506020923,1.0,9.080739619661776,18.293084161347636,5.8564190300717245,3.355925511614134,100.61196288741199,87.71468052905179,64.09159702572876,54.35283279594657,1.0,0.1316049220240837,0.0,1.6450615253010463,0.0,0.6666666666666666,0.06647278770253427,0.0,,2.632098440481674,0.07893660531697341,0.3312883435582822,0.011860940695296524,0.09734151329243354,0.13047034764826176,0.5007235890014472,1.9082713693492135,0.17748091603053434,0.6664659843467791,0.13090128755364808
D_Code,,,,,False,False,False,7353,0.07142857142857142,1.767985856113151,0.13599891200870393,0.0,28.69577043383653,0.045662100456621,11.151910784713722,0.281786941580756,28.42377260981912,18.495852033183734,0.9519923840609276,0.0,0.6799945600435197,0.27199782401740785,0.0,0.13599891200870393,3.1279749762001905,62.559499524003805,69.2234462124303,20.263837889296887,2.4479804161566707,3.943968448252414,20.943832449340405,1.495988032095743,0.0,0.0,131.1029511763906,20.53583571331429,20.943832449340405,8.023935808513531,0.9519923840609276,1.2239902080783354,0.2,0.13599891200870393,0.5439956480348157,1.0,12.375900992792058,4.351965184278526,9.519923840609275,2.4479804161566707,62.559499524003805,151.9107847137223,64.46348429212566,59.29552563579491,1.0,1.495988032095743,0.0,0.0,0.0,0.2222222222222222,0.04360679970436068,0.5,,1.2239902080783354,0.08376193975018369,0.4305657604702425,0.014695077149155033,0.06098457016899339,0.112417340191036,0.9346590909090909,2.7199782401740786,0.15137614678899083,0.7376387487386479,0.17518248175182483
D_Frame,,,,,False,False,False,11993,0.023809523809523808,3.4186608855165512,0.08338197281747686,0.0,30.10089218710915,0.07425742574257425,9.83907279246227,0.38688524590163936,15.592428916868174,10.0892187109147,1.0005836738097225,0.0,0.4169098640873843,0.5002918369048612,0.16676394563495373,0.9172017009922454,17.59359626448762,57.20003335278913,37.27174184941216,19.511381639289585,4.8361544234136575,2.834987075794213,24.430918035520722,7.254231635120488,0.0,0.0,121.23738847661136,21.679312932543986,16.843158509130326,8.088051363295255,2.1679312932543984,0.16676394563495373,0.25,0.08338197281747686,0.2501459184524306,1.0,6.587175852580672,8.50496122738264,8.671725173017593,2.9183690486116904,74.29333778037189,139.0811306595514,80.13007587759527,47.44434253314434,1.0,1.2507295922621529,0.0,0.16676394563495373,0.0,0.3333333333333333,0.04731707317073171,0.0,,2.001167347619445,0.09818520241973011,0.33178222429036763,0.014890646812470917,0.09073987901349465,0.13587715216379712,0.6263345195729537,2.6682231301592596,0.21288515406162464,0.6979534227240649,0.16546762589928057
D_Song,,,,,False,False,False,782,0.7777777777777778,2.557544757033248,8.951406649616368,0.0,15.34526854219949,0.23809523809523808,10.230179028132993,0.3333333333333333,20.460358056265985,24.296675191815854,2.557544757033248,0.0,0.0,1.278772378516624,0.0,1.278772378516624,25.57544757033248,39.64194373401535,84.39897698209718,17.902813299232736,6.39386189258312,1.278772378516624,7.672634271099745,15.34526854219949,0.0,0.0,126.5984654731458,35.80562659846547,31.969309462915604,2.557544757033248,1.278772378516624,0.0,0.0,0.0,1.278772378516624,,1.278772378516624,10.230179028132993,2.557544757033248,0.0,102.30179028132991,150.89514066496162,94.62915601023019,57.54475703324808,,2.557544757033248,0.0,0.0,,,0.012903225806451613,0.0,,1.278772378516624,0.22340425531914893,0.22872340425531915,0.015957446808510637,0.0425531914893617,0.031914893617021274,0.16666666666666666,3.8363171355498724,0.28,0.751937984496124,0.19148936170212766
Lev_Holiness,,,,,False,False,False,5958,1.0,0.0,11.07754279959718,0.0,15.609264853977844,0.030927835051546393,14.937898623699228,0.3212996389891697,31.554212823095,13.091641490433032,0.5035246727089627,0.0,0.0,0.0,0.671366230278617,0.0,6.3779791876468614,49.00973481033904,73.51460221550856,14.26653239342061,2.181940248405505,2.853306478684122,16.61631419939577,2.5176233635448138,0.0,0.0,107.25075528700906,22.15508559919436,21.81940248405505,10.741859684457872,1.6784155756965424,3.1889895938234307,1.0,0.16784155756965424,0.0,0.0,11.916750587445453,6.3779791876468614,7.385028533064787,2.3497818059751596,90.46659953004364,141.32259147364886,66.46525679758308,89.45955018462571,,0.0,0.0,0.0,0.0,0.75,0.0641925777331996,0.5,,2.181940248405505,0.14088159031979255,0.3915298184961106,0.05445116681071737,0.045808124459809856,0.08383751080380294,0.8642857142857143,10.574018126888218,0.3224043715846995,0.7554417413572343,0.25336927223719674
Lev_Priestly,,,,,False,False,False,10496,1.0,0.0,0.4763719512195122,0.0,19.245426829268293,0.15789473684210525,14.386432926829269,0.6536796536796536,7.621951219512195,6.288109756097561,0.0,0.0,2.4771341463414633,0.0,0.0,0.0,14.291158536585366,56.21189024390244,38.9672256097561,11.432926829268293,2.0007621951219514,1.4291158536585367,9.336890243902438,2.381859756097561,0.0,0.0,76.98170731707317,22.580030487804876,20.865091463414636,10.575457317073171,1.7149390243902438,2.191310975609756,,0.0,0.0,0.35714285714285715,5.430640243902439,3.8109756097560976,3.8109756097560976,0.5716463414634146,89.7484756097561,82.6028963414634,49.92378048780488,74.98094512195122,,0.09527439024390244,0.0,0.0,0.0,0.0,0.07773109243697479,0.0,,0.38109756097560976,0.1777264858626659,0.2631275245239469,0.03577611079053664,0.054241200230813615,0.05597230236583958,0.7622820919175911,5.907012195121951,0.18441558441558442,0.6493174061433447,0.14831460674157304
Song_Sea,,,,,False,False,False,433,1.0,0.0,2.3094688221709005,0.0,2.3094688221709005,0.0,9.237875288683602,0.5714285714285714,6.928406466512702,11.547344110854503,0.0,0.0,0.0,0.0,4.618937644341801,2.3094688221709005,41.57043879907621,80.83140877598153,66.97459584295612,30.023094688221708,0.0,6.928406466512702,9.237875288683602,2.3094688221709005,0.0,0.0,175.51963048498845,23.094688221709006,18.475750577367204,18.475750577367204,0.0,0.0,,0.0,0.0,,2.3094688221709005,11.547344110854503,0.0,4.618937644341801,62.35565819861432,133.94919168591224,78.52193995381063,66.97459584295612,,0.0,0.0,0.0,0.0,,0.07766990291262135,,,2.3094688221709005,0.11538461538461539,0.27884615384615385,0.028846153846153848,0.028846153846153848,0.028846153846153848,0.25,6.928406466512702,0.16666666666666666,0.6265060240963856,0.23809523809523808
Song_Deborah,,,,,False,False,False,462,0.0,4.329004329004329,0.0,0.6666666666666666,2.1645021645021645,0.0,0.0,0.0,6.493506493506494,2.1645021645021645,4.329004329004329,0.0,0.0,0.0,10.822510822510822,0.0,6.493506493506494,93.07359307359307,41.125541125541126,28.13852813852814,2.1645021645021645,2.1645021645021645,19.48051948051948,30.303030303030305,0.0,0.0,160.17316017316017,6.493506493506494,30.303030303030305,15.151515151515152,4.329004329004329,0.0,0.0,0.0,2.1645021645021645,,0.0,4.329004329004329,2.1645021645021645,6.493506493506494,112.55411255411256,69.26406926406926,129.87012987012986,77.92207792207792,,0.0,0.0,0.0,0.0,,0.06796116504854369,,,2.1645021645021645,0.1388888888888889,0.39814814814814814,0.046296296296296294,0.009259259259259259,0.08333333333333333,0.5,10.822510822510822,0.42857142857142855,0.6282051282051282,0.17391304347826086
P_source,,,,,False,False,False,54435,0.9224806201550387,0.1837053366400294,2.1860935060163498,0.0012610340479192938,14.549462661890328,0.07407407407407407,13.31863690640213,0.5918367346938775,9.18526683200147,5.731606503168917,0.642968678240103,0.07348213465601176,1.1940846881601912,0.11022320198401764,0.11022320198401764,0.12859373564802057,24.87370258105998,42.34408009552677,33.122072196197294,10.967208597409755,4.2252227427206765,1.285937356480206,13.024708367778084,4.170111141728667,0.0,0.0,89.3910168090383,17.470377514466794,15.853770552034536,7.237990263617158,1.1573436208321852,1.8003122990722882,0.5,0.05511160099200882,0.05511160099200882,0.15625,9.718012308257554,7.072655460641132,5.492789565536879,0.9736382841921558,108.90052356020942,89.88702121796638,79.36070542849271,85.5883163405897,0.6666666666666666,0.0918526683200147,0.0,0.16533480297602646,0.0,0.5,0.05400959561343386,0.04854368932038835,,2.8290621842564527,0.19209747210202688,0.2559781370986108,0.03085857435663858,0.051127305852880896,0.07993623320428149,0.540448674371176,4.978414622944797,0.2037132542547705,0.646123962564012,0.13723737147966025
JE_source,,,,,False,False,False,37752,0.4076923076923077,2.0396270396270397,1.4038991311718585,0.001851851851851852,14.277389277389277,0.12,19.787031150667513,0.6412017167381975,11.072261072261073,11.893409620682348,3.1256622165713073,0.052977325704598434,4.211697393515576,1.8012290739563466,0.2913752913752914,0.7946598855689765,67.96990887899979,42.62025852934944,33.057851239669425,13.19135410044501,1.7747404111040475,3.072684890866709,15.442890442890443,11.655011655011656,0.0,0.0,140.94617503708412,17.95931341385887,16.608391608391607,8.555838101292647,1.9601610510701417,1.112523839796567,0.35714285714285715,0.26488662852299216,0.47679593134138587,0.6,9.13858868404323,22.065056155965248,4.476584022038567,5.5096418732782375,67.4136469591015,113.00063572790846,55.493748675566856,47.1233312142403,0.9333333333333333,0.7681712227166773,0.0,2.542911633820725,0.0,0.10714285714285714,0.04532061175810299,0.031914893617021274,,2.463445645263827,0.1118854045683314,0.2472577106723448,0.013292037682281585,0.04607046070460705,0.0743321718931475,0.18961696739474518,2.728332273786819,0.16178010471204188,0.6537405628002745,0.12914691943127962
D_source,,,,,False,False,False,20128,0.13846153846153847,2.7821939586645468,0.44713831478537364,0.0,29.014308426073132,0.06787330316742081,10.333863275039745,0.33548387096774196,20.468998410174883,13.712241653418124,1.043322734499205,0.0,0.49682034976152617,0.44713831478537364,0.09936406995230525,0.645866454689984,12.619236883942767,58.47575516693164,50.775039745627986,19.72376788553259,4.024244833068362,3.179650238473768,22.505961844197138,5.465023847376789,0.0,0.0,125.04968203497616,21.810413354531004,18.92885532591415,7.849761526232114,1.6891891891891893,0.5465023847376789,0.2,0.09936406995230525,0.397456279809221,1.0,8.4956279809221,7.0548489666136724,8.744038155802862,2.633147853736089,71.0949920508744,144.22694753577107,74.9701907790143,52.16613672496025,1.0,1.3910969793322734,0.0,0.09936406995230525,0.0,0.26666666666666666,0.04440697020798201,0.25,,1.6891891891891893,0.09924283396430503,0.3628988642509465,0.014872904272579772,0.07733910221741482,0.12195781503515414,0.7302771855010661,2.7325119236883944,0.19333333333333333,0.7162002364998029,0.17073170731707318
Gen_JE,,,,,False,False,False,22409,0.40476190476190477,2.231246374224642,1.5172475344727565,0.0030211480362537764,14.726226069882637,0.15137614678899083,18.697844616002502,0.6937086092715232,8.255611584631174,11.468606363514658,3.6146191262439196,0.08924985496898567,5.042616805747691,1.6064973894417423,0.267749564906957,0.535499129813914,76.0855013610603,41.23343299567138,25.436208666160915,12.27185505823553,1.918871881833192,2.3204962291936275,15.529474764603506,11.111606943638717,0.0,0.0,142.88901780534607,17.180597081529744,14.101477085099738,7.3631130349413185,1.6064973894417423,0.9371234771743496,0.2777777777777778,0.2231246374224642,0.5801240572984069,1.0,9.371234771743497,23.472711856843233,5.1318666607166765,4.997991878263198,65.464768619751,121.51367754027399,55.91503413806952,53.46066312642242,0.9285714285714286,0.7139988397518854,0.0,3.0791199964300056,0.0,0.14285714285714285,0.03960633701392223,0.037037037037037035,,2.2758713017091345,0.12524126099077848,0.2223890199442419,0.01608406605189792,0.0461076560154407,0.07441561226678105,0.13560182833925852,3.3468695613369626,0.17427007299270073,0.66006408389164,0.10756972111553785
Exo_JE,,,,,False,False,False,11780,0.48717948717948717,1.697792869269949,1.6129032258064515,0.0,13.667232597623089,0.09900990099009901,20.543293718166385,0.5707547169811321,15.449915110356537,13.073005093378608,2.3769100169779285,0.0,2.716468590831919,1.6129032258064515,0.33955857385398985,0.7640067911714771,51.78268251273345,44.73684210526316,46.17996604414262,14.855687606112054,0.9337860780984719,4.244482173174873,15.280135823429541,12.139219015280137,0.0,0.0,134.04074702886248,20.543293718166385,20.713073005093378,10.271646859083193,1.4431239388794568,1.697792869269949,0.5,0.4244482173174873,0.4244482173174873,0.0,10.186757215619695,19.35483870967742,3.1409168081494054,5.602716468590832,72.24108658743633,103.5653650254669,59.083191850594226,37.011884550084886,1.0,1.1035653650254669,0.0,1.2733446519524618,0.0,0.0,0.054017857142857145,0.0,,2.631578947368421,0.08776480760916558,0.29399048854301774,0.007349762213575443,0.04496325118893212,0.07565931690445309,0.31412429378531076,1.4431239388794568,0.15171288743882544,0.6474820143884892,0.15630885122410546
Num_JE,,,,,False,False,False,3563,0.0,1.9646365422396854,0.0,0.0,13.471793432500702,0.07272727272727272,24.136963233230425,0.6277372262773723,14.313780522031996,10.665169800729723,2.5259612685938815,0.0,3.929273084479371,3.648610721302273,0.280662363177098,2.5259612685938815,70.44625315745158,44.34465338198148,37.60875666573112,13.471793432500702,3.648610721302273,3.929273084479371,15.436429974740387,13.471793432500702,0.0,0.0,151.5576761156329,14.313780522031996,18.80437833286556,10.384507437552625,5.893909626719057,0.280662363177098,,0.0,0.0,1.0,4.209935447656469,22.17232669099074,4.771260174010665,8.419870895312938,63.710356441201235,90.65394330620263,40.976705023856304,40.696042660679204,,0.0,0.0,3.3679483581251755,0.0,0.2,0.05131761442441054,0.0,,3.0872859949480773,0.1034928848641656,0.2574385510996119,0.014230271668822769,0.04915912031047866,0.06985769728331177,0.17704918032786884,3.0872859949480773,0.12437810945273632,0.6360544217687075,0.17647058823529413
